Name,City,Country,Department,Displayname,EmailAddress,FirstName,LastName,MobilePhone,Office,PasswordNeverExpires,PhoneNumber,PostalCode,SignInName,State,StreetAddress,Title,UserPrincipalName,Password
AlanB,Bothell,US,Production Control,Alan Brewer,AlanB@emsforcsp.com,Alan,Brewer,,,TRUE,438-555-0172,98014,AlanB@corp.adventureworkscycles.com,WA ,1399 Firestone Drive,Scheduling Assistant,AlanB@corp.adventureworkscycles.com,tQD6bmRnaC#
AmyA,Bothell,US,Sales,Amy Alberts,AmyA@emsforcsp.com,Amy,Alberts,,,TRUE,775-555-0164,98014,AmyA@corp.adventureworkscycles.com,WA ,1399 Firestone Drive,European Sales Manager,AmyA@corp.adventureworkscycles.com,K1RVGc5UaC#
AndreasB,Bothell,US,Quality Assurance,Andreas Berglund,AndreasB@emsforcsp.com,Andreas,Berglund,,,TRUE,181-555-0124,98014,AndreasB@corp.adventureworkscycles.com,WA ,1399 Firestone Drive,Quality Assurance Technician,AndreasB@corp.adventureworkscycles.com,fgZWP0odaC#
AndrewH,Bothell,US,Production,Andrew Hill,AndrewH@emsforcsp.com,Andrew,Hill,,,TRUE,908-555-0159,98014,AndrewH@corp.adventureworkscycles.com,WA ,1399 Firestone Drive,Production Supervisor - WC10,AndrewH@corp.adventureworkscycles.com,UoQ4RN.jaC#
AnnetteH,Bothell,US,Purchasing,Annette Hill,AnnetteH@emsforcsp.com,Annette,Hill,,,TRUE,125-555-0196,98014,AnnetteH@corp.adventureworkscycles.com,WA ,1399 Firestone Drive,Purchasing Assistant,AnnetteH@corp.adventureworkscycles.com,DIwCSjhEaC#
ArvindR,Bothell,US,Purchasing,Arvind Rao,ArvindR@emsforcsp.com,Arvind,Rao,,,TRUE,848-555-0163,98014,ArvindR@corp.adventureworkscycles.com,WA ,1399 Firestone Drive,Buyer,ArvindR@corp.adventureworkscycles.com,BIv8ZSiKaC#
AshviniS,Bothell,US,Information Services,Ashvini Sharma,AshviniS@emsforcsp.com,Ashvini,Sharma,,,TRUE,656-555-0119,98014,AshviniS@corp.adventureworkscycles.com,WA ,1399 Firestone Drive,Network Administrator,AshviniS@corp.adventureworkscycles.com,fgZWP0odaC#
BarbaraM,Bothell,US,Finance,Barbara Moreland,BarbaraM@emsforcsp.com,Barbara,Moreland,,,TRUE,822-555-0145,98014,BarbaraM@corp.adventureworkscycles.com,WA ,1399 Firestone Drive,Accountant,BarbaraM@corp.adventureworkscycles.com,kAelH4jCaC#
BenM,Bothell,US,Purchasing,Ben Miller,BenM@emsforcsp.com,Ben,Miller,,,TRUE,151-555-0113,98014,BenM@corp.adventureworkscycles.com,WA ,1399 Firestone Drive,Buyer,BenM@corp.adventureworkscycles.com,tY6Sn7EJaC#
BrendaD,Bothell,US,Production,Brenda Diaz,BrendaD@emsforcsp.com,Brenda,Diaz,,,TRUE,142-555-0139,98014,BrendaD@corp.adventureworkscycles.com,WA ,1399 Firestone Drive,Production Supervisor - WC40,BrendaD@corp.adventureworkscycles.com,Z5.r84PeaC#
BrianL,Bothell,US,Production Control,Brian LaMee,BrianL@emsforcsp.com,Brian,LaMee,,,TRUE,313-555-0196,98014,BrianL@corp.adventureworkscycles.com,WA ,1399 Firestone Drive,Scheduling Assistant,BrianL@corp.adventureworkscycles.com,uFaZWnIJaC#
BrianW,Bothell,US,Sales,Brian Welcker,BrianW@emsforcsp.com,Brian,Welcker,,,TRUE,716-555-0127,98014,BrianW@corp.adventureworkscycles.com,WA ,1399 Firestone Drive,Vice President of Sales,BrianW@corp.adventureworkscycles.com,BIv8ZSiKaC#
BryanW,Bothell,US,Finance,Bryan Walton,BryanW@emsforcsp.com,Bryan,Walton,,,TRUE,935-555-0199,98014,BryanW@corp.adventureworkscycles.com,WA ,1399 Firestone Drive,Accounts Receivable Specialist,BryanW@corp.adventureworkscycles.com,UoQ4RN.jaC#
CandyS,Bothell,US,Finance,Candy Spoon,CandyS@emsforcsp.com,Candy,Spoon,,,TRUE,920-555-0177,98014,CandyS@corp.adventureworkscycles.com,WA ,1399 Firestone Drive,Accounts Receivable Specialist,CandyS@corp.adventureworkscycles.com,VUYzMeZAaC#
ChrisN,Bothell,US,Document Control,Chris Norred,ChrisN@emsforcsp.com,Chris,Norred,,,TRUE,575-555-0126,98014,ChrisN@corp.adventureworkscycles.com,WA ,1399 Firestone Drive,Control Specialist,ChrisN@corp.adventureworkscycles.com,DIwCSjhEaC#
ChristianK,Bothell,US,Facilities and Maintenance,Christian Kleinerman,ChristianK@emsforcsp.com,Christian,Kleinerman,,,TRUE,846-555-0157,98014,ChristianK@corp.adventureworkscycles.com,WA ,1399 Firestone Drive,Maintenance Supervisor,ChristianK@corp.adventureworkscycles.com,kAelH4jCaC#
CristianP,Bothell,US,Production,Cristian Petculescu,CristianP@emsforcsp.com,Cristian,Petculescu,,,TRUE,434-555-0133,98014,CristianP@corp.adventureworkscycles.com,WA ,1399 Firestone Drive,Production Supervisor - WC10,CristianP@corp.adventureworkscycles.com,VUYzMeZAaC#
CynthiaR,Bothell,US,Production,Cynthia Randall,CynthiaR@emsforcsp.com,Cynthia,Randall,,,TRUE,352-555-0138,98014,CynthiaR@corp.adventureworkscycles.com,WA ,1399 Firestone Drive,Production Supervisor - WC30,CynthiaR@corp.adventureworkscycles.com,TGxzL20OaC#
DanB,Bothell,US,Information Services,Dan Bacon,DanB@emsforcsp.com,Dan,Bacon,,,TRUE,166-555-0159,98014,DanB@corp.adventureworkscycles.com,WA ,1399 Firestone Drive,Application Specialist,DanB@corp.adventureworkscycles.com,tY6Sn7EJaC#
DanW,Bothell,US,Information Services,Dan Wilson,DanW@emsforcsp.com,Dan,Wilson,,,TRUE,653-555-0144,98011,DanW@corp.adventureworkscycles.com,WA ,1399 Firestone Drive,Database Administrator,DanW@corp.adventureworkscycles.com,tY6Sn7EJaC#
DavidB,Bothell,US,Finance,David Barber,DavidB@emsforcsp.com,David,Barber,,,TRUE,477-555-0132,98014,DavidB@corp.adventureworkscycles.com,WA ,1399 Firestone Drive,Assistant to the Chief Financial Officer,DavidB@corp.adventureworkscycles.com,uFaZWnIJaC#
DavidB,Bothell,US,Marketing,David Bradley,DavidB@emsforcsp.com,David,Bradley,,,TRUE,913-555-0172,98014,DavidB@corp.adventureworkscycles.com,WA ,1399 Firestone Drive,Marketing Manager,DavidB@corp.adventureworkscycles.com,6HyEvP3maC#
DavidB,Bothell,US,Purchasing,David Bradley,DavidB@emsforcsp.com,David,Bradley,,,TRUE,913-555-0172,98014,DavidB@corp.adventureworkscycles.com,WA ,1399 Firestone Drive,Marketing Manager,DavidB@corp.adventureworkscycles.com,fl.ocAmPaC#
DavidC,Bothell,US,Sales,David Campbell,DavidC@emsforcsp.com,David,Campbell,,,TRUE,740-555-0182,98011,DavidC@corp.adventureworkscycles.com,WA ,1399 Firestone Drive,Sales Representative,DavidC@corp.adventureworkscycles.com,6VouN8lcaC#
DavidH,Bothell,US,Production,David Hamilton,DavidH@emsforcsp.com,David,Hamilton,,,TRUE,986-555-0177,98014,DavidH@corp.adventureworkscycles.com,WA ,1399 Firestone Drive,Production Supervisor - WC40,DavidH@corp.adventureworkscycles.com,nbVx8FqRaC#
DavidL,Bothell,US,Finance,David Liu,DavidL@emsforcsp.com,David,Liu,,,TRUE,646-555-0185,98014,DavidL@corp.adventureworkscycles.com,WA ,1399 Firestone Drive,Accounts Manager,DavidL@corp.adventureworkscycles.com,tQD6bmRnaC#
DeborahP,Bothell,US,Finance,Deborah Poe,DeborahP@emsforcsp.com,Deborah,Poe,,,TRUE,602-555-0194,98014,DeborahP@corp.adventureworkscycles.com,WA ,1399 Firestone Drive,Accounts Receivable Specialist,DeborahP@corp.adventureworkscycles.com,oxi1dEjhaC#
DianeM,Bothell,US,Research and Development,Diane Margheim,DianeM@emsforcsp.com,Diane,Margheim,,,TRUE,815-555-0138,98014,DianeM@corp.adventureworkscycles.com,WA ,1399 Firestone Drive,Research and Development Engineer,DianeM@corp.adventureworkscycles.com,K1RVGc5UaC#
DraganT,Bothell,US,Finance,Dragan Tomic,DraganT@emsforcsp.com,Dragan,Tomic,,,TRUE,117-555-0185,98014,DraganT@corp.adventureworkscycles.com,WA ,1399 Firestone Drive,Accounts Payable Specialist,DraganT@corp.adventureworkscycles.com,TGxzL20OaC#
DylanM,Bothell,US,Research and Development,Dylan Miller,DylanM@emsforcsp.com,Dylan,Miller,,,TRUE,181-555-0156,98014,DylanM@corp.adventureworkscycles.com,WA ,1399 Firestone Drive,Research and Development Manager,DylanM@corp.adventureworkscycles.com,K1RVGc5UaC#
EricG,Bothell,US,Production,Eric Gubbels,EricG@emsforcsp.com,Eric,Gubbels,,,TRUE,260-555-0119,98014,EricG@corp.adventureworkscycles.com,WA ,1399 Firestone Drive,Production Supervisor - WC20,EricG@corp.adventureworkscycles.com,oxi1dEjhaC#
EricK,Bothell,US,Purchasing,Eric Kurjan,EricK@emsforcsp.com,Eric,Kurjan,,,TRUE,265-555-0195,98014,EricK@corp.adventureworkscycles.com,WA ,1399 Firestone Drive,Buyer,EricK@corp.adventureworkscycles.com,DIwCSjhEaC#
ErinH,Bothell,US,Purchasing,Erin Hagens,ErinH@emsforcsp.com,Erin,Hagens,,,TRUE,842-555-0158,98011,ErinH@corp.adventureworkscycles.com,WA ,1399 Firestone Drive,Buyer,ErinH@corp.adventureworkscycles.com,BHzWJRA9aC#
FrançoisA,Bothell,US,Information Services,François Ajenstat,FrançoisA@emsforcsp.com,François,Ajenstat,,,TRUE,785-555-0110,98014,FrançoisA@corp.adventureworkscycles.com,WA ,1399 Firestone Drive,Database Administrator,FrançoisA@corp.adventureworkscycles.com,6VouN8lcaC#
FrankP,Bothell,US,Purchasing,Frank Pellow,FrankP@emsforcsp.com,Frank,Pellow,,,TRUE,163-555-0147,98014,FrankP@corp.adventureworkscycles.com,WA ,1399 Firestone Drive,Buyer,FrankP@corp.adventureworkscycles.com,tY6Sn7EJaC#
FukikoO,Bothell,US,Purchasing,Fukiko Ogisu,FukikoO@emsforcsp.com,Fukiko,Ogisu,,,TRUE,520-555-0177,98011,FukikoO@corp.adventureworkscycles.com,WA ,1399 Firestone Drive,Buyer,FukikoO@corp.adventureworkscycles.com,6HyEvP3maC#
GailE,Bothell,US,Engineering,Gail Erickson,GailE@emsforcsp.com,Gail,Erickson,,,TRUE,849-555-0139,98011,GailE@corp.adventureworkscycles.com,WA ,1399 Firestone Drive,Design Engineer,GailE@corp.adventureworkscycles.com,fl.ocAmPaC#
GarrettV,Calgary,CA,Sales,Garrett Vargas,GarrettV@emsforcsp.com,Garrett,Vargas,,,TRUE,922-555-0165,T2P 2G8,GarrettV@corp.adventureworkscycles.com,AB ,10203 Acorn Avenue,Sales Representative,GarrettV@corp.adventureworkscycles.com,Nzfco5xGaC#
GaryA,Bothell,US,Facilities and Maintenance,Gary Altman,GaryA@emsforcsp.com,Gary,Altman,,,TRUE,110-555-0112,98014,GaryA@corp.adventureworkscycles.com,WA ,1399 Firestone Drive,Facilities Manager,GaryA@corp.adventureworkscycles.com,6VouN8lcaC#
GigiM,Bothell,US,Research and Development,Gigi Matthew,GigiM@emsforcsp.com,Gigi,Matthew,,,TRUE,185-555-0186,98011,GigiM@corp.adventureworkscycles.com,WA ,1399 Firestone Drive,Research and Development Engineer,GigiM@corp.adventureworkscycles.com,YyLvpxlQaC#
GordonH,Bothell,US,Purchasing,Gordon Hee,GordonH@emsforcsp.com,Gordon,Hee,,,TRUE,230-555-0144,98011,GordonH@corp.adventureworkscycles.com,WA ,1399 Firestone Drive,Buyer,GordonH@corp.adventureworkscycles.com,mMoPDtyZaC#
GrantC,Bothell,US,Human Resources,Grant Culbertson,GrantC@emsforcsp.com,Grant,Culbertson,,,TRUE,955-555-0131,98014,GrantC@corp.adventureworkscycles.com,WA ,1399 Firestone Drive,Human Resources Administrative Assistant,GrantC@corp.adventureworkscycles.com,Z5.r84PeaC#
HaoC,Bothell,US,Human Resources,Hao Chen,HaoC@emsforcsp.com,Hao,Chen,,,TRUE,806-555-0136,98014,HaoC@corp.adventureworkscycles.com,WA ,1399 Firestone Drive,Human Resources Administrative Assistant,HaoC@corp.adventureworkscycles.com,BHzWJRA9aC#
HazemA,Bothell,US,Quality Assurance,Hazem Abolrous,HazemA@emsforcsp.com,Hazem,Abolrous,,,TRUE,869-555-0125,98014,HazemA@corp.adventureworkscycles.com,WA ,1399 Firestone Drive,Quality Assurance Manager,HazemA@corp.adventureworkscycles.com,fgZWP0odaC#
JackR,Bothell,US,Production,Jack Richins,JackR@emsforcsp.com,Jack,Richins,,,TRUE,552-555-0111,98014,JackR@corp.adventureworkscycles.com,WA ,1399 Firestone Drive,Production Supervisor - WC30,JackR@corp.adventureworkscycles.com,YyLvpxlQaC#
JaeP,Cambridge,GB,Sales,Jae Pak,JaeP@emsforcsp.com,Jae,Pak,,,TRUE,1 (11) 500 555-0145,BA5 3HX,JaeP@corp.adventureworkscycles.com,ENG,Downshire Way,Sales Representative,JaeP@corp.adventureworkscycles.com,kAelH4jCaC#
JamesH,Bothell,US,Production,James Hamilton,JamesH@emsforcsp.com,James,Hamilton,,,TRUE,870-555-0122,98014,JamesH@corp.adventureworkscycles.com,WA ,1399 Firestone Drive,Vice President of Production,JamesH@corp.adventureworkscycles.com,mMoPDtyZaC#
JanainaB,Bothell,US,Information Services,Janaina Bueno,JanainaB@emsforcsp.com,Janaina,Bueno,,,TRUE,623-555-0155,98014,JanainaB@corp.adventureworkscycles.com,WA ,1399 Firestone Drive,Application Specialist,JanainaB@corp.adventureworkscycles.com,6HyEvP3maC#
JanetS,Bothell,US,Finance,Janet Sheperdigian,JanetS@emsforcsp.com,Janet,Sheperdigian,,,TRUE,393-555-0186,98014,JanetS@corp.adventureworkscycles.com,WA ,1399 Firestone Drive,Accounts Payable Specialist,JanetS@corp.adventureworkscycles.com,K1RVGc5UaC#
JaniceG,Bothell,US,Tool Design,Janice Galvin,JaniceG@emsforcsp.com,Janice,Galvin,,,TRUE,473-555-0117,98014,JaniceG@corp.adventureworkscycles.com,WA ,1399 Firestone Drive,Tool Designer,JaniceG@corp.adventureworkscycles.com,Nzfco5xGaC#
JeanT,Bothell,US,Information Services,Jean Trenary,JeanT@emsforcsp.com,Jean,Trenary,,,TRUE,685-555-0120,98014,JeanT@corp.adventureworkscycles.com,WA ,1399 Firestone Drive,Chief Information Officer,JeanT@corp.adventureworkscycles.com,qMuZyamfaC#
JeffH,Bothell,US,Production,Jeff Hay,JeffH@emsforcsp.com,Jeff,Hay,,,TRUE,350-555-0167,98014,JeffH@corp.adventureworkscycles.com,WA ,1399 Firestone Drive,Production Supervisor - WC45,JeffH@corp.adventureworkscycles.com,BIv8ZSiKaC#
JillianC,Duluth,US,Sales,Jillian Carson,JillianC@emsforcsp.com,Jillian,Carson,,,TRUE,517-555-0117,55802,JillianC@corp.adventureworkscycles.com,MN ,80 Sunview Terrace,Sales Representative,JillianC@corp.adventureworkscycles.com,nbVx8FqRaC#
JillW,Bothell,US,Marketing,Jill Williams,JillW@emsforcsp.com,Jill,Williams,,,TRUE,510-555-0121,98014,JillW@corp.adventureworkscycles.com,WA ,1399 Firestone Drive,Marketing Specialist,JillW@corp.adventureworkscycles.com,DIwCSjhEaC#
JimmyB,Bothell,US,Shipping and Receiving,Jimmy Bischoff,JimmyB@emsforcsp.com,Jimmy,Bischoff,,,TRUE,927-555-0168,98014,JimmyB@corp.adventureworkscycles.com,WA ,1399 Firestone Drive,Stocker,JimmyB@corp.adventureworkscycles.com,BHzWJRA9aC#
JinghaoL,Bothell,US,Production,Jinghao Liu,JinghaoL@emsforcsp.com,Jinghao,Liu,,,TRUE,794-555-0159,98014,JinghaoL@corp.adventureworkscycles.com,WA ,1399 Firestone Drive,Production Supervisor - WC50,JinghaoL@corp.adventureworkscycles.com,fl.ocAmPaC#
JoB,Bothell,US,Production,Jo Brown,JoB@emsforcsp.com,Jo,Brown,,,TRUE,632-555-0129,98014,JoB@corp.adventureworkscycles.com,WA ,1399 Firestone Drive,Production Supervisor - WC60,JoB@corp.adventureworkscycles.com,Nzfco5xGaC#
JohnC,Bothell,US,Production,John Campbell,JohnC@emsforcsp.com,John,Campbell,,,TRUE,435-555-0113,98014,JohnC@corp.adventureworkscycles.com,WA ,1399 Firestone Drive,Production Supervisor - WC60,JohnC@corp.adventureworkscycles.com,BIv8ZSiKaC#
JohnW,Bothell,US,Marketing,John Wood,JohnW@emsforcsp.com,John,Wood,,,TRUE,486-555-0150,98014,JohnW@corp.adventureworkscycles.com,WA ,1399 Firestone Drive,Marketing Specialist,JohnW@corp.adventureworkscycles.com,pLtTwuYsaC#
JoLynnD,Bothell,US,Production,JoLynn Dobney,JoLynnD@emsforcsp.com,JoLynn,Dobney,,,TRUE,903-555-0145,98014,JoLynnD@corp.adventureworkscycles.com,WA ,1399 Firestone Drive,Production Supervisor - WC60,JoLynnD@corp.adventureworkscycles.com,tY6Sn7EJaC#
JoseS,Ottawa,CA,Sales,Jose Saraiva,JoseS@emsforcsp.com,Jose,Saraiva,,,TRUE,185-555-0169,K4B 1T7,JoseS@corp.adventureworkscycles.com,ON ,9100 Sheppard Avenue North,Sales Representative,JoseS@corp.adventureworkscycles.com,uFaZWnIJaC#
JossefG,Bothell,US,Engineering,Jossef Goldberg,JossefG@emsforcsp.com,Jossef,Goldberg,,,TRUE,122-555-0189,98014,JossefG@corp.adventureworkscycles.com,WA ,1399 Firestone Drive,Design Engineer,JossefG@corp.adventureworkscycles.com,6HyEvP3maC#
KarenB,Bothell,US,Information Services,Karen Berg,KarenB@emsforcsp.com,Karen,Berg,,,TRUE,654-555-0177,98014,KarenB@corp.adventureworkscycles.com,WA ,1399 Firestone Drive,Application Specialist,KarenB@corp.adventureworkscycles.com,fl.ocAmPaC#
KarenB,Bothell,US,Document Control,Karen Berge,KarenB@emsforcsp.com,Karen,Berge,,,TRUE,746-555-0164,98014,KarenB@corp.adventureworkscycles.com,WA ,1399 Firestone Drive,Document Control Assistant,KarenB@corp.adventureworkscycles.com,uFaZWnIJaC#
KatieM,Bothell,US,Production,Katie McAskill-White,KatieM@emsforcsp.com,Katie,McAskill-White,,,TRUE,809-555-0133,98014,KatieM@corp.adventureworkscycles.com,WA ,1399 Firestone Drive,Production Supervisor - WC20,KatieM@corp.adventureworkscycles.com,6HyEvP3maC#
KenS,Bothell,US,Executive,Ken Sanchez,KenS@emsforcsp.com,Ken,Sanchez,,,TRUE,697-555-0142,98014,KenS@corp.adventureworkscycles.com,WA ,1399 Firestone Drive,Chief Executive Officer,KenS@corp.adventureworkscycles.com,oxi1dEjhaC#
KevinB,Bothell,US,Marketing,Kevin Brown,KevinB@emsforcsp.com,Kevin,Brown,,,TRUE,150-555-0189,98014,KevinB@corp.adventureworkscycles.com,WA ,1399 Firestone Drive,Marketing Assistant,KevinB@corp.adventureworkscycles.com,6HyEvP3maC#
KimR,Bothell,US,Shipping and Receiving,Kim Ralls,KimR@emsforcsp.com,Kim,Ralls,,,TRUE,309-555-0129,98011,KimR@corp.adventureworkscycles.com,WA ,1399 Firestone Drive,Stocker,KimR@corp.adventureworkscycles.com,oxi1dEjhaC#
Kok-HoL,Bothell,US,Production,Kok-Ho Loh,Kok-HoL@emsforcsp.com,Kok-Ho,Loh,,,TRUE,999-555-0155,98011,Kok-HoL@corp.adventureworkscycles.com,WA ,1399 Firestone Drive,Production Supervisor - WC50,Kok-HoL@corp.adventureworkscycles.com,pLtTwuYsaC#
LauraN,Bothell,US,Executive,Laura Norman,LauraN@emsforcsp.com,Laura,Norman,,,TRUE,615-555-0110,98014,LauraN@corp.adventureworkscycles.com,WA ,1399 Firestone Drive,Chief Financial Officer,LauraN@corp.adventureworkscycles.com,fl.ocAmPaC#
LauraN,Bothell,US,Finance,Laura Norman,LauraN@emsforcsp.com,Laura,Norman,,,TRUE,615-555-0110,98014,LauraN@corp.adventureworkscycles.com,WA ,1399 Firestone Drive,Chief Financial Officer,LauraN@corp.adventureworkscycles.com,YyLvpxlQaC#
LindaM,Bothell,US,Purchasing,Linda Meisner,LindaM@emsforcsp.com,Linda,Meisner,,,TRUE,916-555-0165,98011,LindaM@corp.adventureworkscycles.com,WA ,1399 Firestone Drive,Buyer,LindaM@corp.adventureworkscycles.com,kAelH4jCaC#
LindaM,Nevada,US,Sales,Linda Mitchell,LindaM@emsforcsp.com,Linda,Mitchell,,,TRUE,883-555-0116,84407,LindaM@corp.adventureworkscycles.com,UT ,2487 Riverside Drive,Sales Representative,LindaM@corp.adventureworkscycles.com,fgZWP0odaC#
LoriK,Bothell,US,Production,Lori Kane,LoriK@emsforcsp.com,Lori,Kane,,,TRUE,289-555-0196,98014,LoriK@corp.adventureworkscycles.com,WA ,1399 Firestone Drive,Production Supervisor - WC45,LoriK@corp.adventureworkscycles.com,tQD6bmRnaC#
LynnT,Melbourne,AU,Sales,Lynn Tsoflias,LynnT@emsforcsp.com,Lynn,Tsoflias,,,TRUE,1 (11) 500 555-0190,3000,LynnT@corp.adventureworkscycles.com,VIC,34 Waterloo Road,Sales Representative,LynnT@corp.adventureworkscycles.com,BIv8ZSiKaC#
MagnusH,Bothell,US,Facilities and Maintenance,Magnus Hedlund,MagnusH@emsforcsp.com,Magnus,Hedlund,,,TRUE,583-555-0182,98014,MagnusH@corp.adventureworkscycles.com,WA ,1399 Firestone Drive,Facilities Administrative Assistant,MagnusH@corp.adventureworkscycles.com,mMoPDtyZaC#
MarkH,Bothell,US,Quality Assurance,Mark Harrington,MarkH@emsforcsp.com,Mark,Harrington,,,TRUE,147-555-0179,98014,MarkH@corp.adventureworkscycles.com,WA ,1399 Firestone Drive,Quality Assurance Technician,MarkH@corp.adventureworkscycles.com,YyLvpxlQaC#
MaryD,Bothell,US,Marketing,Mary Dempsey,MaryD@emsforcsp.com,Mary,Dempsey,,,TRUE,124-555-0114,98011,MaryD@corp.adventureworkscycles.com,WA ,1399 Firestone Drive,Marketing Assistant,MaryD@corp.adventureworkscycles.com,TGxzL20OaC#
MaryG,Bothell,US,Marketing,Mary Gibson,MaryG@emsforcsp.com,Mary,Gibson,,,TRUE,531-555-0183,98014,MaryG@corp.adventureworkscycles.com,WA ,1399 Firestone Drive,Marketing Specialist,MaryG@corp.adventureworkscycles.com,fl.ocAmPaC#
MatthiasB,Bothell,US,Shipping and Receiving,Matthias Berndt,MatthiasB@emsforcsp.com,Matthias,Berndt,,,TRUE,139-555-0120,98014,MatthiasB@corp.adventureworkscycles.com,WA ,1399 Firestone Drive,Shipping and Receiving Clerk,MatthiasB@corp.adventureworkscycles.com,dzMRrFIXaC#
MichaelB,Detroit,US,Sales,Michael Blythe,MichaelB@emsforcsp.com,Michael,Blythe,,,TRUE,257-555-0154,48226,MichaelB@corp.adventureworkscycles.com,MI ,8154 Via Mexico,Sales Representative,MichaelB@corp.adventureworkscycles.com,Z5.r84PeaC#
MichaelR,Bothell,US,Production,Michael Ray,MichaelR@emsforcsp.com,Michael,Ray,,,TRUE,156-555-0199,98014,MichaelR@corp.adventureworkscycles.com,WA ,1399 Firestone Drive,Production Supervisor - WC30,MichaelR@corp.adventureworkscycles.com,Z5.r84PeaC#
MichaelR,San Francisco,US,Research and Development,Michael Raheem,MichaelR@emsforcsp.com,Michael,Raheem,,,TRUE,330-555-2568,94109,MichaelR@corp.adventureworkscycles.com,CA ,1234 Seaside Way,Research and Development Manager,MichaelR@corp.adventureworkscycles.com,qMuZyamfaC#
MichaelS,Bothell,US,Engineering,Michael Sullivan,MichaelS@emsforcsp.com,Michael,Sullivan,,,TRUE,465-555-0156,98014,MichaelS@corp.adventureworkscycles.com,WA ,1399 Firestone Drive,Senior Design Engineer,MichaelS@corp.adventureworkscycles.com,Nzfco5xGaC#
MikaelS,Bothell,US,Purchasing,Mikael Sandberg,MikaelS@emsforcsp.com,Mikael,Sandberg,,,TRUE,309-555-0170,98011,MikaelS@corp.adventureworkscycles.com,WA ,1399 Firestone Drive,Buyer,MikaelS@corp.adventureworkscycles.com,K1RVGc5UaC#
MikeS,Bothell,US,Finance,Mike Seamans,MikeS@emsforcsp.com,Mike,Seamans,,,TRUE,927-555-0150,98014,MikeS@corp.adventureworkscycles.com,WA ,1399 Firestone Drive,Accountant,MikeS@corp.adventureworkscycles.com,K1RVGc5UaC#
MindyM,Bothell,US,Human Resources,Mindy Martin,MindyM@emsforcsp.com,Mindy,Martin,,,TRUE,522-555-0147,98014,MindyM@corp.adventureworkscycles.com,WA ,1399 Firestone Drive,Benefits Specialist,MindyM@corp.adventureworkscycles.com,K1RVGc5UaC#
OvidiuC,Bothell,US,Tool Design,Ovidiu Cracium,OvidiuC@emsforcsp.com,Ovidiu,Cracium,,,TRUE,719-555-0181,98014,OvidiuC@corp.adventureworkscycles.com,WA ,1399 Firestone Drive,Senior Tool Designer,OvidiuC@corp.adventureworkscycles.com,BIv8ZSiKaC#
PamelaA,Portland,US,Sales,Pamela Ansman-Wolfe,PamelaA@emsforcsp.com,Pamela,Ansman-Wolfe,,,TRUE,340-555-0193,97205,PamelaA@corp.adventureworkscycles.com,OR ,636 Vine Hill Way,Sales Representative,PamelaA@corp.adventureworkscycles.com,oxi1dEjhaC#
PatC,Bothell,US,Facilities and Maintenance,Pat Coleman,PatC@emsforcsp.com,Pat,Coleman,,,TRUE,720-555-0158,98014,PatC@corp.adventureworkscycles.com,WA ,1399 Firestone Drive,Janitor,PatC@corp.adventureworkscycles.com,nbVx8FqRaC#
PaulaB,Bothell,US,Human Resources,Paula Barreto de Mattos,PaulaB@emsforcsp.com,Paula,Barreto de Mattos,,,TRUE,523-555-0175,98011,PaulaB@corp.adventureworkscycles.com,WA ,1399 Firestone Drive,Human Resources Manager,PaulaB@corp.adventureworkscycles.com,K1RVGc5UaC#
PengW,Bothell,US,Quality Assurance,Peng Wu,PengW@emsforcsp.com,Peng,Wu,,,TRUE,164-555-0164,98011,PengW@corp.adventureworkscycles.com,WA ,1399 Firestone Drive,Quality Assurance Supervisor,PengW@corp.adventureworkscycles.com,fgZWP0odaC#
PeterC,Bothell,US,Information Services,Peter Connelly,PeterC@emsforcsp.com,Peter,Connelly,,,TRUE,310-555-0133,98014,PeterC@corp.adventureworkscycles.com,WA ,1399 Firestone Drive,Network Administrator,PeterC@corp.adventureworkscycles.com,mMoPDtyZaC#
PeterK,Bothell,US,Production Control,Peter Krebs,PeterK@emsforcsp.com,Peter,Krebs,,,TRUE,913-555-0196,98011,PeterK@corp.adventureworkscycles.com,WA ,1399 Firestone Drive,Production Control Manager,PeterK@corp.adventureworkscycles.com,fgZWP0odaC#
PilarA,Bothell,US,Shipping and Receiving,Pilar Ackerman,PilarA@emsforcsp.com,Pilar,Ackerman,,,TRUE,577-555-0185,98014,PilarA@corp.adventureworkscycles.com,WA ,1399 Firestone Drive,Shipping and Receiving Supervisor,PilarA@corp.adventureworkscycles.com,oxi1dEjhaC#
RachelV,Berlin,DE,Sales,Rachel Valdez,RachelV@emsforcsp.com,Rachel,Valdez,,,TRUE,1 (11) 500 555-0140,14111,RachelV@corp.adventureworkscycles.com,HH ,Pascalstr 951,Sales Representative,RachelV@corp.adventureworkscycles.com,tQD6bmRnaC#
RameshM,Bothell,US,Information Services,Ramesh Meyyappan,RameshM@emsforcsp.com,Ramesh,Meyyappan,,,TRUE,182-555-0134,98014,RameshM@corp.adventureworkscycles.com,WA ,1399 Firestone Drive,Application Specialist,RameshM@corp.adventureworkscycles.com,dzMRrFIXaC#
RanjitV,Bordeaux,FR,Sales,Ranjit Varkey Chudukatil,RanjitV@emsforcsp.com,Ranjit,Varkey Chudukatil,,,TRUE,1 (11) 500 555-0117,33000,RanjitV@corp.adventureworkscycles.com,FR,33 rue Descartes,Sales Representative,RanjitV@corp.adventureworkscycles.com,dzMRrFIXaC#
ReinoutH,Bothell,US,Purchasing,Reinout Hillmann,ReinoutH@emsforcsp.com,Reinout,Hillmann,,,TRUE,370-555-0163,98011,ReinoutH@corp.adventureworkscycles.com,WA ,1399 Firestone Drive,Purchasing Assistant,ReinoutH@corp.adventureworkscycles.com,DIwCSjhEaC#
ReubenD,Bothell,US,Production,Reuben D'sa,ReubenD@emsforcsp.com,Reuben,D'sa,,,TRUE,191-555-0112,98014,ReubenD@corp.adventureworkscycles.com,WA ,1399 Firestone Drive,Production Supervisor - WC40,ReubenD@corp.adventureworkscycles.com,K1RVGc5UaC#
RobertoT,Bothell,US,Engineering,Roberto Tamburello,RobertoT@emsforcsp.com,Roberto,Tamburello,,,TRUE,212-555-0187,98014,RobertoT@corp.adventureworkscycles.com,WA ,1399 Firestone Drive,Engineering Manager,RobertoT@corp.adventureworkscycles.com,UoQ4RN.jaC#
RobW,Minneapolis,US,Engineering,Rob Walters,RobW@emsforcsp.com,Rob,Walters,,,TRUE,612-555-0100,55402,RobW@corp.adventureworkscycles.com,MN ,5678 Lakeview Blvd.,Senior Tool Designer,RobW@corp.adventureworkscycles.com,VUYzMeZAaC#
RobW,Minneapolis,US,Tool Design,Rob Walters,RobW@emsforcsp.com,Rob,Walters,,,TRUE,612-555-0100,55402,RobW@corp.adventureworkscycles.com,MN ,5678 Lakeview Blvd.,Senior Tool Designer,RobW@corp.adventureworkscycles.com,UoQ4RN.jaC#
SairajU,Bothell,US,Production Control,Sairaj Uddin,SairajU@emsforcsp.com,Sairaj,Uddin,,,TRUE,500-555-0159,98014,SairajU@corp.adventureworkscycles.com,WA ,1399 Firestone Drive,Scheduling Assistant,SairajU@corp.adventureworkscycles.com,uFaZWnIJaC#
SariyaH,Bothell,US,Marketing,Sariya Harnpadoungsataya,SariyaH@emsforcsp.com,Sariya,Harnpadoungsataya,,,TRUE,399-555-0176,98014,SariyaH@corp.adventureworkscycles.com,WA ,1399 Firestone Drive,Marketing Specialist,SariyaH@corp.adventureworkscycles.com,mMoPDtyZaC#
ScottW,Bothell,US,Production Control,Scott Wright,ScottW@emsforcsp.com,Scott,Wright,,,TRUE,992-555-0194,98014,ScottW@corp.adventureworkscycles.com,WA ,1399 Firestone Drive,Master Scheduler,ScottW@corp.adventureworkscycles.com,nbVx8FqRaC#
SeanA,Bothell,US,Quality Assurance,Sean Alexander,SeanA@emsforcsp.com,Sean,Alexander,,,TRUE,420-555-0173,98014,SeanA@corp.adventureworkscycles.com,WA ,1399 Firestone Drive,Quality Assurance Technician,SeanA@corp.adventureworkscycles.com,qMuZyamfaC#
SeanC,Bothell,US,Document Control,Sean Chai,SeanC@emsforcsp.com,Sean,Chai,,,TRUE,205-555-0132,98014,SeanC@corp.adventureworkscycles.com,WA ,1399 Firestone Drive,Document Control Assistant,SeanC@corp.adventureworkscycles.com,Nzfco5xGaC#
ShaneK,Bothell,US,Production,Shane Kim,ShaneK@emsforcsp.com,Shane,Kim,,,TRUE,810-555-0178,98011,ShaneK@corp.adventureworkscycles.com,WA ,1399 Firestone Drive,Production Supervisor - WC45,ShaneK@corp.adventureworkscycles.com,fl.ocAmPaC#
SharonS,Bothell,US,Engineering,Sharon Salavaria,SharonS@emsforcsp.com,Sharon,Salavaria,,,TRUE,970-555-0138,98014,SharonS@corp.adventureworkscycles.com,WA ,1399 Firestone Drive,Design Engineer,SharonS@corp.adventureworkscycles.com,pLtTwuYsaC#
SheelaW,Bothell,US,Marketing,Sheela Word,SheelaW@emsforcsp.com,Sheela,Word,,,TRUE,210-555-0193,98014,SheelaW@corp.adventureworkscycles.com,WA ,1399 Firestone Drive,Purchasing Manager,SheelaW@corp.adventureworkscycles.com,6HyEvP3maC#
SheelaW,Bothell,US,Purchasing,Sheela Word,SheelaW@emsforcsp.com,Sheela,Word,,,TRUE,210-555-0193,98014,SheelaW@corp.adventureworkscycles.com,WA ,1399 Firestone Drive,Purchasing Manager,SheelaW@corp.adventureworkscycles.com,fl.ocAmPaC#
SheelaW,Bothell,US,Quality Assurance,Sheela Word,SheelaW@emsforcsp.com,Sheela,Word,,,TRUE,210-555-0193,98014,SheelaW@corp.adventureworkscycles.com,WA ,1399 Firestone Drive,Purchasing Manager,SheelaW@corp.adventureworkscycles.com,YyLvpxlQaC#
ShuI,San Francisco,US,Sales,Shu Ito,ShuI@emsforcsp.com,Shu,Ito,,,TRUE,330-555-0120,94109,ShuI@corp.adventureworkscycles.com,CA ,5725 Glaze Drive,Sales Representative,ShuI@corp.adventureworkscycles.com,pLtTwuYsaC#
SoothaC,Bothell,US,Quality Assurance,Sootha Charncherngkha,SoothaC@emsforcsp.com,Sootha,Charncherngkha,,,TRUE,325-555-0137,98014,SoothaC@corp.adventureworkscycles.com,WA ,1399 Firestone Drive,Quality Assurance Technician,SoothaC@corp.adventureworkscycles.com,DIwCSjhEaC#
StephanieC,Bothell,US,Information Services,Stephanie Conroy,StephanieC@emsforcsp.com,Stephanie,Conroy,,,TRUE,594-555-0110,98014,StephanieC@corp.adventureworkscycles.com,WA ,1399 Firestone Drive,Network Manager,StephanieC@corp.adventureworkscycles.com,qMuZyamfaC#
StephenJ,Bothell,US,Sales,Stephen Jiang,StephenJ@emsforcsp.com,Stephen,Jiang,,,TRUE,238-555-0197,98014,StephenJ@corp.adventureworkscycles.com,WA ,1399 Firestone Drive,North American Sales Manager,StephenJ@corp.adventureworkscycles.com,oxi1dEjhaC#
SusanE,Bothell,US,Shipping and Receiving,Susan Eaton,SusanE@emsforcsp.com,Susan,Eaton,,,TRUE,943-555-0196,98014,SusanE@corp.adventureworkscycles.com,WA ,1399 Firestone Drive,Stocker,SusanE@corp.adventureworkscycles.com,tQD6bmRnaC#
SyedA,Bothell,US,Sales,Syed Abbas,SyedA@emsforcsp.com,Syed,Abbas,,,TRUE,926-555-0182,98011,SyedA@corp.adventureworkscycles.com,WA ,1399 Firestone Drive,Pacific Sales Manager,SyedA@corp.adventureworkscycles.com,BIv8ZSiKaC#
TaylorM,Bothell,US,Production,Taylor Maxwell,TaylorM@emsforcsp.com,Taylor,Maxwell,,,TRUE,508-555-0165,98014,TaylorM@corp.adventureworkscycles.com,WA ,1399 Firestone Drive,Production Supervisor - WC50,TaylorM@corp.adventureworkscycles.com,nbVx8FqRaC#
TengizK,Bothell,US,Document Control,Tengiz Kharatishvili,TengizK@emsforcsp.com,Tengiz,Kharatishvili,,,TRUE,910-555-0116,98014,TengizK@corp.adventureworkscycles.com,WA ,1399 Firestone Drive,Control Specialist,TengizK@corp.adventureworkscycles.com,pLtTwuYsaC#
TerriD,Bothell,US,Engineering,Terri Duffy,TerriD@emsforcsp.com,Terri,Duffy,,,TRUE,819-555-0175,98014,TerriD@corp.adventureworkscycles.com,WA ,1399 Firestone Drive,Vice President of Engineering,TerriD@corp.adventureworkscycles.com,TGxzL20OaC#
TerryE,Bothell,US,Marketing,Terry Eminhizer,TerryE@emsforcsp.com,Terry,Eminhizer,,,TRUE,138-555-0118,98011,TerryE@corp.adventureworkscycles.com,WA ,1399 Firestone Drive,Marketing Specialist,TerryE@corp.adventureworkscycles.com,qMuZyamfaC#
TeteM,Cambridge,US,Sales,Tete Mensa-Annan,TeteM@emsforcsp.com,Tete,Mensa-Annan,,,TRUE,615-555-0153,2139,TeteM@corp.adventureworkscycles.com,MA ,3997 Via De Luna,Sales Representative,TeteM@corp.adventureworkscycles.com,TGxzL20OaC#
ThierryD,Bothell,US,Tool Design,Thierry D'Hers,ThierryD@emsforcsp.com,Thierry,D'Hers,,,TRUE,168-555-0183,98011,ThierryD@corp.adventureworkscycles.com,WA ,1399 Firestone Drive,Tool Designer,ThierryD@corp.adventureworkscycles.com,DIwCSjhEaC#
TsviR,Memphis,US,Sales,Tsvi Reiter,TsviR@emsforcsp.com,Tsvi,Reiter,,,TRUE,664-555-0112,38103,TsviR@corp.adventureworkscycles.com,TN ,8291 Crossbow Way,Sales Representative,TsviR@corp.adventureworkscycles.com,K1RVGc5UaC#
VamsiK,Bothell,US,Shipping and Receiving,Vamsi Kuppa,VamsiK@emsforcsp.com,Vamsi,Kuppa,,,TRUE,937-555-0137,98011,VamsiK@corp.adventureworkscycles.com,WA ,1399 Firestone Drive,Shipping and Receiving Clerk,VamsiK@corp.adventureworkscycles.com,tY6Sn7EJaC#
VidurL,Bothell,US,Human Resources,Vidur Luthra,VidurL@emsforcsp.com,Vidur,Luthra,,,TRUE,153-555-0186,98014,VidurL@corp.adventureworkscycles.com,WA ,1399 Firestone Drive,Recruiter,VidurL@corp.adventureworkscycles.com,fgZWP0odaC#
WanidaB,Bothell,US,Marketing,Wanida Benshoof,WanidaB@emsforcsp.com,Wanida,Benshoof,,,TRUE,708-555-0141,98014,WanidaB@corp.adventureworkscycles.com,WA ,1399 Firestone Drive,Marketing Assistant,WanidaB@corp.adventureworkscycles.com,dzMRrFIXaC#
WendyK,Bothell,US,Finance,Wendy Kahn,WendyK@emsforcsp.com,Wendy,Kahn,,,TRUE,248-555-0134,98014,WendyK@corp.adventureworkscycles.com,WA ,1399 Firestone Drive,Finance Manager,WendyK@corp.adventureworkscycles.com,Nzfco5xGaC#
WilliamV,Bothell,US,Production,William Vong,WilliamV@emsforcsp.com,William,Vong,,,TRUE,148-555-0145,98011,WilliamV@corp.adventureworkscycles.com,WA ,1399 Firestone Drive,Scheduling Assistant,WilliamV@corp.adventureworkscycles.com,pLtTwuYsaC#
WilliamV,Bothell,US,Production Control,William Vong,WilliamV@emsforcsp.com,William,Vong,,,TRUE,148-555-0145,98011,WilliamV@corp.adventureworkscycles.com,WA ,1399 Firestone Drive,Scheduling Assistant,WilliamV@corp.adventureworkscycles.com,kAelH4jCaC#
WillisJ,Bothell,US,Human Resources,Willis Johnson,WillisJ@emsforcsp.com,Willis,Johnson,,,TRUE,778-555-0141,98014,WillisJ@corp.adventureworkscycles.com,WA ,1399 Firestone Drive,Recruiter,WillisJ@corp.adventureworkscycles.com,qMuZyamfaC#
YuhongL,Bothell,US,Production,Yuhong Li,YuhongL@emsforcsp.com,Yuhong,Li,,,TRUE,965-555-0155,98014,YuhongL@corp.adventureworkscycles.com,WA ,1399 Firestone Drive,Production Supervisor - WC20,YuhongL@corp.adventureworkscycles.com,6HyEvP3maC#
ZainalA,Bothell,US,Document Control,Zainal Arifin,ZainalA@emsforcsp.com,Zainal,Arifin,,,TRUE,204-555-0115,98014,ZainalA@corp.adventureworkscycles.com,WA ,1399 Firestone Drive,Document Control Manager,ZainalA@corp.adventureworkscycles.com,kAelH4jCaC#
ZhengM,Bothell,US,Production,Zheng Mu,ZhengM@emsforcsp.com,Zheng,Mu,,,TRUE,113-555-0173,98014,ZhengM@corp.adventureworkscycles.com,WA ,1399 Firestone Drive,Production Supervisor - WC10,ZhengM@corp.adventureworkscycles.com,fl.ocAmPaC#
